,yandm,MktRF,smb,hml,rf
0,192607,2.96,-2.38,-2.73,0.22
1,192608,2.64,-1.47,4.14,0.25
2,192609,0.36,-1.39,0.12,0.23
3,192610,-3.24,-0.13,0.65,0.32
4,192611,2.53,-0.16,-0.38,0.31
5,192612,2.62,-0.02,0.0,0.28
6,192701,-0.06,-0.51,4.73,0.25
7,192702,4.18,-0.25,3.27,0.26
8,192703,0.13,-1.89,-2.56,0.3
9,192704,0.46,0.49,0.71,0.25
10,192705,5.44,1.46,4.98,0.3
11,192706,-2.34,0.51,-1.53,0.26
12,192707,7.26,-3.25,-1.14,0.3
13,192708,1.97,-0.69,-3.74,0.28
14,192709,4.76,-3.63,-0.63,0.21
15,192710,-4.31,2.12,-4.33,0.25
16,192711,6.58,2.72,-0.27,0.21
17,192712,2.09,0.97,-1.13,0.22
18,192801,-0.68,4.26,-0.75,0.25
19,192802,-1.7,-2.06,-0.65,0.33
20,192803,8.81,-0.26,-1.22,0.29
21,192804,4.23,3.98,3.44,0.22
22,192805,1.52,2.85,-3.27,0.32
23,192806,-4.85,-3.52,-0.03,0.31
24,192807,0.62,-1.32,-0.5,0.32
25,192808,6.68,-2.06,-2.15,0.32
26,192809,2.88,2.41,0.86,0.27
27,192810,1.33,2.22,-2.16,0.41
28,192811,11.81,-1.78,2.7,0.38
29,192812,0.36,-0.86,-0.65,0.06
30,192901,4.66,-3.56,-1.24,0.34
31,192902,-0.34,-0.38,1.66,0.36
32,192903,-0.89,-4.71,1.58,0.34
33,192904,1.43,-0.97,0.59,0.36
34,192905,-6.39,-5.37,-1.42,0.44
35,192906,9.7,-2.17,-2.79,0.52
36,192907,4.46,-3.85,2.66,0.33
37,192908,8.18,-9.51,0.0,0.4
38,192909,-5.47,1.18,-0.62,0.35
39,192910,-20.12,-4.01,7.77,0.46
40,192911,-12.74,-1.81,5.22,0.37
41,192912,1.33,-4.48,-0.59,0.37
42,193001,5.61,3.53,-0.92,0.14
43,193002,2.5,0.19,0.2,0.3
44,193003,7.1,3.41,0.33,0.35
45,193004,-2.06,-0.35,-0.35,0.21
46,193005,-1.66,-2.02,-0.71,0.26
47,193006,-16.27,-3.36,2.28,0.27
48,193007,4.12,-0.35,-1.54,0.2
49,193008,0.3,-2.23,-0.79,0.09
50,193009,-12.75,-2.22,-5.27,0.22
51,193010,-8.78,-0.12,-1.38,0.09
52,193011,-3.04,2.22,-3.52,0.13
53,193012,-7.83,-4.66,-5.38,0.14
54,193101,6.24,3.75,7.13,0.15
55,193102,10.88,3.38,1.6,0.04
56,193103,-6.43,3.06,-3.67,0.13
57,193104,-9.98,-4.63,-3.95,0.08
58,193105,-13.24,5.16,-6.59,0.09
59,193106,13.9,-5.36,11.34,0.08
60,193107,-6.62,1.49,-2.21,0.06
61,193108,0.41,-1.92,-1.54,0.03
62,193109,-29.13,0.48,-6.67,0.03
63,193110,8.04,-1.73,1.46,0.1
64,193111,-9.08,4.32,-5.06,0.17
65,193112,-13.53,-0.42,-9.05,0.12
66,193201,-1.58,3.85,9.16,0.23
67,193202,5.46,-2.87,-1.31,0.23
68,193203,-11.21,2.34,-2.44,0.16
69,193204,-17.96,1.51,1.32,0.11
70,193205,-20.51,4.12,-3.32,0.06
71,193206,-0.7,0.19,5.52,0.02
72,193207,33.84,-4.59,35.61,0.03
73,193208,37.06,13.41,34.24,0.03
74,193209,-2.94,-2.08,-7.36,0.03
75,193210,-13.17,-2.56,-10.33,0.02
76,193211,-5.88,2.0,-13.11,0.02
77,193212,4.4,-8.64,-7.72,0.01
78,193301,1.25,0.63,6.36,0.01
79,193302,-15.24,-2.58,-2.95,-0.03
80,193303,3.29,3.79,7.54,0.04
81,193304,38.85,3.07,19.65,0.1
82,193305,21.43,36.56,19.19,0.04
83,193306,13.11,8.42,-1.78,0.02
84,193307,-9.63,-1.05,3.27,0.02
85,193308,12.05,-5.39,3.0,0.03
86,193309,-10.65,-0.4,-11.74,0.02
87,193310,-8.36,-0.2,-8.57,0.01
88,193311,9.97,-6.47,2.32,0.02
89,193312,1.83,0.63,-1.56,0.02
90,193401,12.6,12.69,15.59,0.05
91,193402,-2.5,5.1,2.0,0.02
92,193403,0.09,2.51,-2.7,0.02
93,193404,-1.79,2.73,-3.73,0.01
94,193405,-7.25,-0.29,-5.89,0.01
95,193406,2.64,-2.23,-2.96,0.01
96,193407,-10.96,-6.71,-10.98,0.01
97,193408,5.58,5.24,0.68,0.01
98,193409,-0.23,-1.43,-1.31,0.01
99,193410,-1.66,1.53,-5.5,0.01
100,193411,8.33,6.31,-1.97,0.01
101,193412,0.36,2.99,-3.11,0.01
102,193501,-3.45,1.03,-1.83,0.01
103,193502,-1.94,0.56,-7.51,0.02
104,193503,-3.68,-3.59,-5.07,0.01
105,193504,9.06,-1.47,4.32,0.01
106,193505,3.47,-3.25,2.48,0.01
107,193506,5.93,-2.4,-1.88,0.01
108,193507,7.51,1.65,6.64,0.01
109,193508,2.65,6.11,5.9,0.01
110,193509,2.63,1.63,-4.01,0.01
111,193510,7.03,2.8,-2.44,0.01
112,193511,4.88,4.16,11.73,0.02
113,193512,4.56,0.4,1.06,0.01
114,193601,6.89,5.17,10.33,0.01
115,193602,2.49,1.42,4.87,0.01
116,193603,0.99,0.57,-1.62,0.02
117,193604,-8.14,-6.07,-2.08,0.02
118,193605,5.19,0.9,2.54,0.02
119,193606,2.4,-3.23,-1.22,0.03
120,193607,6.67,1.0,2.4,0.01
121,193608,0.99,0.6,3.82,0.02
122,193609,0.98,3.08,0.9,0.01
123,193610,7.12,-2.43,2.47,0.02
124,193611,3.27,8.77,-1.21,0.01
125,193612,0.21,3.96,4.3,0.0
126,193701,3.35,4.34,2.61,0.01
127,193702,1.09,1.05,4.83,0.02
128,193703,-0.27,-1.69,6.5,0.01
129,193704,-7.36,-3.83,-3.66,0.03
130,193705,-0.83,-0.68,-3.48,0.06
131,193706,-4.21,-3.76,-3.33,0.03
132,193707,8.91,0.89,0.81,0.03
133,193708,-4.86,0.44,-2.25,0.02
134,193709,-13.61,-6.98,-4.57,0.04
135,193710,-9.61,0.41,-1.55,0.02
136,193711,-8.31,-3.6,0.15,0.02
137,193712,-4.24,-7.74,-0.4,0.0
138,193801,0.49,4.84,-1.61,0.0
139,193802,5.84,0.4,-2.02,0.0
140,193803,-23.82,-4.34,-3.54,-0.01
141,193804,14.51,6.46,0.23,0.01
142,193805,-3.83,-2.51,-0.27,0.0
143,193806,23.87,4.3,0.32,0.0
144,193807,7.34,6.67,2.14,-0.01
145,193808,-2.67,-2.44,-4.73,0.0
146,193809,0.81,-2.73,-1.61,0.02
147,193810,7.8,5.79,5.07,0.01
148,193811,-1.72,-2.57,-1.21,-0.06
149,193812,4.19,-1.83,0.53,0.0
150,193901,-5.96,-1.53,-3.96,-0.01
151,193902,3.51,0.64,2.94,0.01
152,193903,-11.99,-4.72,-8.37,-0.01
153,193904,-0.18,1.66,-0.29,0.0
154,193905,6.8,2.78,0.53,0.01
155,193906,-5.31,-0.99,-5.45,0.01
156,193907,10.24,4.13,0.31,0.0
157,193908,-6.68,-4.68,-2.33,-0.01
158,193909,16.88,20.61,21.88,0.01
159,193910,-0.53,-0.16,-4.7,0.0
160,193911,-3.62,-5.22,-6.28,0.0
161,193912,3.03,0.87,-4.19,0.0
162,194001,-2.41,0.4,-1.09,0.0
163,194002,1.44,2.22,0.19,0.0
164,194003,2.05,1.26,-1.29,0.0
165,194004,0.22,4.01,-0.26,0.0
166,194005,-21.95,-6.61,-3.82,-0.02
167,194006,6.67,-1.72,3.88,0.0
168,194007,3.16,1.01,-0.74,0.01
169,194008,2.19,-0.11,0.56,-0.01
170,194009,2.39,3.22,-1.13,0.0
171,194010,3.02,0.28,4.64,0.0
172,194011,-1.61,1.94,0.12,0.0
173,194012,0.69,-2.15,-0.89,0.0
174,194101,-4.17,1.0,3.83,-0.01
175,194102,-1.43,-1.56,0.89,-0.01
176,194103,0.84,0.1,3.04,0.01
177,194104,-5.46,-1.68,3.41,-0.01
178,194105,1.39,-0.65,0.6,0.0
179,194106,5.83,1.32,0.59,0.0
180,194107,5.87,5.71,7.25,0.03
181,194108,-0.17,-0.42,-1.1,0.01
182,194109,-0.87,-0.99,-0.28,0.01
183,194110,-5.25,-2.02,1.63,0.0
184,194111,-1.92,-1.21,-0.64,0.0
185,194112,-4.87,-2.99,-5.94,0.01
186,194201,0.79,7.53,10.1,0.02
187,194202,-2.46,1.72,-1.13,0.01
188,194203,-6.58,1.77,-0.62,0.01
189,194204,-4.37,-0.6,2.09,0.01
190,194205,5.94,-3.05,-2.65,0.03
191,194206,2.69,-1.22,0.54,0.02
192,194207,3.51,-0.14,2.44,0.03
193,194208,1.8,-0.02,1.4,0.03
194,194209,2.61,0.55,2.28,0.03
195,194210,6.82,1.75,6.37,0.03
196,194211,0.15,-1.36,-4.05,0.03
197,194212,5.12,-2.56,0.54,0.03
198,194301,7.13,8.88,8.18,0.03
199,194302,6.15,4.7,6.33,0.03
200,194303,6.01,5.03,5.51,0.03
201,194304,0.81,2.02,5.76,0.03
202,194305,5.74,4.34,3.21,0.03
203,194306,1.82,-1.01,-0.7,0.03
204,194307,-4.77,-2.35,-2.3,0.03
205,194308,1.3,-0.6,-0.43,0.03
206,194309,2.4,1.3,1.43,0.03
207,194310,-1.15,0.58,1.64,0.03
208,194311,-5.91,-1.63,-4.03,0.03
209,194312,6.36,3.31,3.23,0.03
210,194401,1.74,2.54,2.17,0.03
211,194402,0.37,-0.11,0.83,0.03
212,194403,2.46,1.73,3.43,0.02
213,194404,-1.69,-1.38,-1.13,0.03
214,194405,5.07,1.66,1.04,0.03
215,194406,5.49,3.99,1.75,0.03
216,194407,-1.49,0.57,-0.48,0.03
217,194408,1.57,2.32,-1.44,0.03
218,194409,0.01,0.44,-0.97,0.02
219,194410,0.16,-0.11,-0.39,0.03
220,194411,1.71,0.23,2.52,0.03
221,194412,4.03,2.21,6.04,0.02
222,194501,2.01,2.44,0.63,0.03
223,194502,6.23,1.52,4.33,0.02
224,194503,-3.89,-1.61,-1.66,0.02
225,194504,7.8,0.31,3.24,0.03
226,194505,1.73,1.48,0.36,0.03
227,194506,0.39,3.06,4.23,0.02
228,194507,-2.17,-1.52,-2.62,0.03
229,194508,6.2,1.5,-4.27,0.03
230,194509,4.77,1.7,0.42,0.03
231,194510,3.89,2.38,2.13,0.03
232,194511,5.39,4.31,3.96,0.02
233,194512,1.2,2.1,-2.28,0.03
234,194601,6.24,3.91,2.48,0.03
235,194602,-5.83,-0.71,-1.46,0.03
236,194603,5.87,0.29,-0.54,0.03
237,194604,4.23,2.35,0.32,0.03
238,194605,3.93,1.46,1.28,0.03
239,194606,-3.89,-1.58,-0.39,0.03
240,194607,-2.69,-2.07,0.07,0.03
241,194608,-6.44,-1.84,0.55,0.03
242,194609,-10.17,-4.4,-1.92,0.03
243,194610,-1.44,0.1,3.46,0.03
244,194611,-0.01,-0.44,1.47,0.03
245,194612,4.96,0.08,-1.36,0.03
246,194701,1.25,2.2,-0.73,0.03
247,194702,-1.08,0.68,0.15,0.03
248,194703,-1.67,-1.62,0.61,0.03
249,194704,-4.8,-3.96,0.85,0.03
250,194705,-0.97,-3.26,0.33,0.03
251,194706,5.29,-0.3,-0.59,0.03
252,194707,4.14,1.43,2.82,0.03
253,194708,-1.74,0.32,0.18,0.03
254,194709,-0.54,1.64,1.36,0.06
255,194710,2.47,0.51,0.07,0.06
256,194711,-1.97,-1.71,1.1,0.06
257,194712,3.0,-2.46,3.71,0.08
258,194801,-3.93,2.5,1.39,0.07
259,194802,-4.38,-1.72,0.07,0.07
260,194803,8.07,0.14,4.5,0.09
261,194804,3.65,-1.65,4.11,0.08
262,194805,7.3,0.91,-1.27,0.08
263,194806,-0.1,-1.82,2.81,0.09
264,194807,-5.09,-0.33,0.14,0.08
265,194808,0.25,-1.11,0.28,0.09
266,194809,-2.97,-1.23,-1.71,0.04
267,194810,5.96,-1.5,0.58,0.04
268,194811,-9.3,-0.6,-4.13,0.04
269,194812,3.26,-2.82,-1.94,0.04
270,194901,0.23,1.77,1.23,0.1
271,194902,-2.93,-1.9,-0.86,0.09
272,194903,4.04,2.5,1.29,0.1
273,194904,-1.87,-0.89,-1.13,0.09
274,194905,-2.94,-0.79,-2.37,0.1
275,194906,0.1,-0.91,-1.65,0.1
276,194907,5.54,0.55,0.36,0.09
277,194908,2.6,0.13,-0.62,0.09
278,194909,3.09,1.06,0.24,0.09
279,194910,3.14,1.04,-0.47,0.09
280,194911,1.82,-1.02,-0.97,0.08
281,194912,5.13,2.08,1.79,0.09
282,195001,1.7,3.34,0.13,0.09
283,195002,1.48,0.01,-0.81,0.09
284,195003,1.26,-1.43,-2.81,0.1
285,195004,3.94,2.01,1.37,0.09
286,195005,4.31,-2.12,0.45,0.1
287,195006,-5.94,-2.36,-0.73,0.1
288,195007,1.36,0.69,13.56,0.1
289,195008,4.85,0.76,-1.5,0.1
290,195009,4.81,0.49,-1.07,0.1
291,195010,-0.18,-0.47,1.3,0.12
292,195011,2.76,-0.89,3.33,0.11
293,195012,5.54,1.47,7.36,0.11
294,195101,5.7,1.76,3.64,0.13
295,195102,1.41,0.08,-2.85,0.1
296,195103,-2.15,-0.77,-4.1,0.11
297,195104,4.86,-1.45,3.27,0.13
298,195105,-2.34,0.0,-1.37,0.12
299,195106,-2.62,-2.06,-3.75,0.12
300,195107,6.94,-1.99,2.06,0.13
301,195108,4.27,0.99,-0.13,0.13
302,195109,0.7,1.87,0.63,0.12
303,195110,-2.53,-0.22,0.23,0.16
304,195111,0.57,-0.32,-0.06,0.11
305,195112,3.33,-2.26,-1.59,0.12
306,195201,1.45,-0.61,1.55,0.15
307,195202,-2.62,0.82,-0.61,0.12
308,195203,4.44,-2.99,2.17,0.11
309,195204,-4.97,0.46,-0.1,0.12
310,195205,3.2,-1.0,0.04,0.13
311,195206,3.83,-1.64,1.24,0.15
312,195207,0.91,-0.4,-0.35,0.15
313,195208,-0.76,1.15,0.01,0.15
314,195209,-2.03,1.11,-1.52,0.16
315,195210,-0.66,-1.05,-0.46,0.14
316,195211,5.94,-0.72,0.97,0.1
317,195212,2.93,-1.48,0.19,0.16
318,195301,-0.34,3.61,1.32,0.16
319,195302,-0.27,2.15,-0.09,0.14
320,195303,-1.43,-0.22,-0.85,0.18
321,195304,-2.83,0.3,1.57,0.16
322,195305,0.52,-0.07,0.23,0.17
323,195306,-1.89,-1.87,-0.47,0.18
324,195307,2.4,-0.99,-0.22,0.15
325,195308,-4.52,0.3,-3.54,0.17
326,195309,0.2,-0.82,-2.44,0.16
327,195310,4.6,-1.37,-0.24,0.13
328,195311,2.83,-1.32,-0.15,0.08
329,195312,0.03,-0.86,-2.82,0.13
330,195401,5.13,0.5,3.42,0.11
331,195402,1.67,-0.2,-0.28,0.07
332,195403,3.65,-0.52,-1.5,0.08
333,195404,4.27,-3.42,-0.34,0.09
334,195405,3.09,0.41,2.46,0.05
335,195406,1.07,0.39,0.0,0.06
336,195407,4.99,1.06,4.13,0.05
337,195408,-2.34,2.69,-1.38,0.05
338,195409,6.39,-2.53,0.68,0.09
339,195410,-1.67,0.62,0.67,0.07
340,195411,9.38,-2.62,4.4,0.06
341,195412,5.48,2.12,5.66,0.08
342,195501,0.6,0.36,2.14,0.08
343,195502,3.02,1.59,0.58,0.09
344,195503,-0.16,-0.74,1.97,0.1
345,195504,3.11,-1.62,0.68,0.1
346,195505,0.93,-0.28,-0.96,0.14
347,195506,6.55,-4.65,1.84,0.1
348,195507,1.9,-1.15,0.39,0.1
349,195508,0.21,-0.44,0.72,0.16
350,195509,-0.36,0.28,-0.98,0.16
351,195510,-2.68,1.52,-0.11,0.18
352,195511,7.03,-2.19,0.33,0.17
353,195512,1.49,2.11,-2.31,0.18
354,195601,-3.03,0.41,0.93,0.22
355,195602,3.77,-0.98,-0.39,0.19
356,195603,6.64,-2.11,-0.45,0.15
357,195604,0.28,0.04,-0.22,0.19
358,195605,-5.2,1.46,-1.34,0.23
359,195606,3.48,-1.48,-1.1,0.2
360,195607,4.84,-1.68,-0.01,0.22
361,195608,-3.18,1.91,-0.78,0.17
362,195609,-5.14,1.54,1.76,0.18
363,195610,0.52,-0.11,-0.01,0.25
364,195611,0.36,-0.16,1.76,0.2
365,195612,3.16,-0.04,-2.08,0.24
366,195701,-3.58,3.32,2.79,0.27
367,195702,-2.06,-0.64,-0.79,0.24
368,195703,2.13,0.31,-0.49,0.23
369,195704,4.26,-1.6,-1.43,0.25
370,195705,3.45,-1.02,-2.12,0.26
371,195706,-0.74,0.54,0.03,0.24
372,195707,0.66,-0.76,0.43,0.3
373,195708,-5.11,0.05,-0.41,0.25
374,195709,-5.98,0.08,0.92,0.26
375,195710,-4.32,-2.52,-1.8,0.29
376,195711,2.3,0.4,-2.87,0.28
377,195712,-3.91,-0.98,-1.62,0.24
378,195801,4.66,4.39,4.19,0.28
379,195802,-1.52,0.65,0.33,0.12
380,195803,3.27,0.65,-0.97,0.09
381,195804,3.09,-0.62,1.61,0.08
382,195805,2.31,2.16,-0.26,0.11
383,195806,2.93,-0.19,0.4,0.03
384,195807,4.39,0.48,3.1,0.07
385,195808,1.91,1.18,0.38,0.04
386,195809,4.66,0.13,2.86,0.19
387,195810,2.53,1.08,-1.23,0.18
388,195811,3.01,1.97,-1.2,0.11
389,195812,5.15,-2.03,0.03,0.22
390,195901,0.71,3.02,2.93,0.21
391,195902,0.95,1.46,1.15,0.19
392,195903,0.28,1.49,-0.35,0.22
393,195904,3.66,-0.6,-1.23,0.2
394,195905,1.73,-2.16,1.81,0.22
395,195906,-0.25,0.67,1.31,0.25
396,195907,3.17,-0.3,0.23,0.25
397,195908,-1.39,-0.77,0.42,0.19
398,195909,-4.8,-0.09,0.54,0.31
399,195910,1.28,1.45,-2.06,0.3
400,195911,1.6,1.24,-3.19,0.26
401,195912,2.45,-0.58,-0.06,0.34
402,196001,-6.98,2.08,2.73,0.33
403,196002,1.17,0.51,-1.91,0.29
404,196003,-1.63,-0.48,-2.88,0.35
405,196004,-1.71,0.33,-2.26,0.19
406,196005,3.12,1.22,-3.64,0.27
407,196006,2.08,-0.19,-0.21,0.24
408,196007,-2.37,-0.47,1.96,0.13
409,196008,3.01,0.85,-0.22,0.17
410,196009,-5.99,-1.09,1.6,0.16
411,196010,-0.71,-4.07,2.74,0.22
412,196011,4.69,0.37,-2.43,0.13
413,196012,4.71,-1.53,-0.8,0.16
414,196101,6.2,0.72,3.67,0.19
415,196102,3.57,3.94,-0.65,0.14
416,196103,2.89,3.33,-0.74,0.2
417,196104,0.29,0.07,2.05,0.17
418,196105,2.4,1.99,0.43,0.18
419,196106,-3.08,-2.48,-0.17,0.2
420,196107,2.83,-1.84,-0.18,0.18
421,196108,2.57,-1.77,-0.27,0.14
422,196109,-2.15,-1.05,-0.64,0.17
423,196110,2.57,-1.54,-0.01,0.19
424,196111,4.45,1.22,-1.17,0.15
425,196112,-0.18,-0.9,1.87,0.19
426,196201,-3.87,1.82,5.07,0.24
427,196202,1.81,-1.2,0.91,0.2
428,196203,-0.68,0.48,-1.33,0.2
429,196204,-6.59,-0.69,0.02,0.22
430,196205,-8.65,-3.35,2.81,0.24
431,196206,-8.47,-0.63,2.6,0.2
432,196207,6.28,1.63,-3.57,0.27
433,196208,2.13,1.25,-1.21,0.23
434,196209,-5.22,-2.48,1.34,0.21
435,196210,-0.05,-4.01,1.35,0.25
436,196211,10.87,2.59,0.99,0.2
437,196212,1.01,-3.8,0.35,0.23
438,196301,4.93,3.12,2.17,0.25
439,196302,-2.38,0.46,2.2,0.23
440,196303,3.08,-2.48,1.9,0.23
441,196304,4.51,-1.35,1.0,0.25
442,196305,1.76,1.07,2.61,0.24
443,196306,-2.0,-0.29,0.77,0.23
444,196307,-0.39,-0.53,-0.89,0.27
445,196308,5.07,-0.89,1.68,0.25
446,196309,-1.57,-0.35,0.08,0.27
447,196310,2.53,-0.56,-0.14,0.29
448,196311,-0.85,-1.17,1.81,0.27
449,196312,1.83,-2.11,-0.08,0.29
450,196401,2.24,-0.14,1.47,0.3
451,196402,1.54,0.13,2.74,0.26
452,196403,1.41,0.99,3.36,0.31
453,196404,0.1,-1.44,-0.58,0.29
454,196405,1.42,-0.86,1.82,0.26
455,196406,1.27,-0.1,0.63,0.3
456,196407,1.74,0.22,0.75,0.3
457,196408,-1.44,0.17,0.08,0.28
458,196409,2.69,-0.53,1.7,0.28
459,196410,0.59,0.44,1.17,0.29
460,196411,0.0,0.69,-1.96,0.29
461,196412,0.03,-0.36,-2.48,0.31
462,196501,3.54,2.7,0.12,0.28
463,196502,0.44,3.53,0.11,0.3
464,196503,-1.34,1.88,1.03,0.36
465,196504,3.11,1.15,0.66,0.31
466,196505,-0.77,0.13,-1.61,0.31
467,196506,-5.51,-4.35,0.59,0.35
468,196507,1.43,0.87,2.14,0.31
469,196508,2.73,2.83,-1.02,0.33
470,196509,2.86,0.64,-0.12,0.31
471,196510,2.6,2.53,1.57,0.31
472,196511,-0.03,4.65,0.1,0.35
473,196512,1.01,2.06,2.02,0.33
474,196601,0.72,3.84,3.53,0.38
475,196602,-1.21,4.38,0.29,0.35
476,196603,-2.51,0.98,-2.0,0.38
477,196604,2.14,3.41,-0.47,0.34
478,196605,-5.66,-4.6,-1.61,0.41
479,196606,-1.44,1.04,0.49,0.38
480,196607,-1.63,-0.43,0.99,0.35
481,196608,-7.91,-3.29,0.44,0.41
482,196609,-1.06,-1.04,0.51,0.4
483,196610,3.86,-6.52,2.68,0.45
484,196611,1.4,4.35,-4.77,0.4
485,196612,0.13,2.09,-1.32,0.4
486,196701,8.15,8.3,2.25,0.43
487,196702,0.78,3.33,-2.18,0.36
488,196703,3.99,1.42,0.54,0.39
489,196704,3.89,0.62,-2.45,0.32
490,196705,-4.33,1.8,1.18,0.33
491,196706,2.41,5.91,0.85,0.27
492,196707,4.58,3.1,2.72,0.31
493,196708,-0.89,0.39,1.52,0.31
494,196709,3.11,3.02,-2.42,0.32
495,196710,-3.09,1.38,-3.22,0.39
496,196711,0.37,0.16,-1.69,0.36
497,196712,3.05,5.78,-0.63,0.33
498,196801,-4.06,3.89,4.84,0.4
499,196802,-3.75,-2.96,1.33,0.39
500,196803,0.2,-1.35,-0.59,0.38
501,196804,9.05,5.66,-1.17,0.43
502,196805,2.28,6.49,0.66,0.45
503,196806,0.69,-0.25,0.83,0.43
504,196807,-2.72,-1.37,5.39,0.48
505,196808,1.34,2.32,1.0,0.42
506,196809,4.03,2.81,0.3,0.43
507,196810,0.42,-0.48,2.86,0.44
508,196811,5.43,2.37,-0.93,0.42
509,196812,-3.94,3.4,-0.01,0.43
510,196901,-1.25,-0.76,1.68,0.53
511,196902,-5.84,-3.94,0.9,0.46
512,196903,2.64,-0.26,-0.52,0.46
513,196904,1.46,-0.87,-0.03,0.53
514,196905,-0.1,-0.22,0.72,0.48
515,196906,-7.18,-5.41,-1.09,0.51
516,196907,-7.0,-3.22,1.18,0.53
517,196908,4.68,0.89,-3.77,0.5
518,196909,-2.98,1.14,-3.19,0.62
519,196910,5.06,3.87,-3.1,0.6
520,196911,-3.79,-2.58,-1.21,0.52
521,196912,-2.63,-3.72,-2.84,0.64
522,197001,-8.1,2.95,3.12,0.6
523,197002,5.13,-2.56,3.93,0.62
524,197003,-1.06,-2.3,3.99,0.57
525,197004,-11.0,-6.12,6.17,0.5
526,197005,-6.92,-4.56,3.32,0.53
527,197006,-5.79,-2.14,0.6,0.58
528,197007,6.93,-0.5,0.91,0.52
529,197008,4.49,1.53,1.27,0.53
530,197009,4.18,8.59,-5.52,0.54
531,197010,-2.28,-4.22,0.21,0.46
532,197011,4.6,-3.94,1.7,0.46
533,197012,5.72,2.92,0.99,0.42
534,197101,4.84,7.38,1.48,0.38
535,197102,1.41,1.86,-1.27,0.33
536,197103,4.13,2.61,-4.03,0.3
537,197104,3.15,-0.48,0.81,0.28
538,197105,-3.98,-1.04,-1.41,0.29
539,197106,-0.1,-1.48,-1.94,0.37
540,197107,-4.5,-1.51,-0.01,0.4
541,197108,3.79,-0.15,2.64,0.47
542,197109,-0.85,0.51,-2.91,0.37
543,197110,-4.42,-1.74,-0.48,0.37
544,197111,-0.46,-2.78,-1.7,0.37
545,197112,8.71,3.26,-0.41,0.37
546,197201,2.49,5.88,2.27,0.29
547,197202,2.87,1.31,-2.77,0.25
548,197203,0.63,-0.27,-1.63,0.27
549,197204,0.29,0.08,0.1,0.29
550,197205,1.25,-2.73,-2.72,0.3
551,197206,-2.43,0.24,-2.49,0.29
552,197207,-0.8,-2.87,0.66,0.31
553,197208,3.26,-4.03,4.53,0.29
554,197209,-1.14,-2.65,0.47,0.34
555,197210,0.52,-2.73,1.35,0.4
556,197211,4.6,-1.2,4.83,0.37
557,197212,0.62,-1.95,-2.19,0.37
558,197301,-3.29,-3.49,2.68,0.44
559,197302,-4.85,-3.87,1.6,0.41
560,197303,-1.3,-2.82,2.62,0.46
561,197304,-5.68,-3.85,5.42,0.52
562,197305,-2.94,-6.3,0.41,0.51
563,197306,-1.57,-2.85,1.19,0.51
564,197307,5.05,7.97,-5.26,0.64
565,197308,-3.82,-2.02,1.06,0.7
566,197309,4.75,2.93,2.24,0.68
567,197310,-0.83,-0.28,1.6,0.65
568,197311,-12.75,-7.72,3.99,0.56
569,197312,0.61,-5.37,3.94,0.64
570,197401,-0.17,9.72,6.0,0.63
571,197402,-0.47,-0.02,2.5,0.58
572,197403,-2.81,2.5,-0.12,0.56
573,197404,-5.29,-0.74,0.87,0.75
574,197405,-4.68,-2.96,-2.07,0.75
575,197406,-2.83,-0.17,0.79,0.6
576,197407,-8.05,0.84,5.17,0.7
577,197408,-9.35,-0.72,2.64,0.6
578,197409,-11.77,0.27,5.59,0.81
579,197410,16.1,-3.46,-9.88,0.51
580,197411,-4.51,-1.22,-0.2,0.54
581,197412,-3.45,-4.83,0.11,0.7
582,197501,13.66,11.15,8.27,0.58
583,197502,5.56,0.16,-4.44,0.43
584,197503,2.66,3.78,2.39,0.41
585,197504,4.23,-0.66,-1.13,0.44
586,197505,5.19,3.84,-4.1,0.44
587,197506,4.83,0.86,1.4,0.41
588,197507,-6.59,2.7,1.69,0.48
589,197508,-2.85,-3.24,-0.94,0.48
590,197509,-4.26,-0.1,0.43,0.53
591,197510,5.31,-4.01,0.27,0.56
592,197511,2.64,-1.21,2.05,0.41
593,197512,-1.6,-0.77,1.69,0.48
594,197601,12.16,4.78,8.57,0.47
595,197602,0.32,7.04,5.82,0.34
596,197603,2.32,-1.18,-0.11,0.4
597,197604,-1.49,-0.11,-0.14,0.42
598,197605,-1.34,-1.23,-1.35,0.37
599,197606,4.05,-1.3,0.69,0.43
600,197607,-1.07,0.29,1.73,0.47
601,197608,-0.56,-2.0,0.81,0.42
602,197609,2.07,-0.02,-0.29,0.44
603,197610,-2.42,0.22,-0.18,0.41
604,197611,0.36,2.32,1.51,0.4
605,197612,5.65,3.03,2.27,0.4
606,197701,-4.05,4.76,4.27,0.36
607,197702,-1.94,1.04,0.47,0.35
608,197703,-1.37,1.0,1.09,0.38
609,197704,0.15,-0.12,3.38,0.38
610,197705,-1.45,1.18,0.85,0.37
611,197706,4.71,2.09,-0.74,0.4
612,197707,-1.69,2.16,-0.57,0.42
613,197708,-1.75,1.49,-2.73,0.44
614,197709,-0.27,1.33,-0.46,0.43
615,197710,-4.38,1.25,1.81,0.49
616,197711,4.0,3.72,0.23,0.5
617,197712,0.27,1.32,-0.3,0.49
618,197801,-6.01,2.24,3.36,0.49
619,197802,-1.38,3.59,0.83,0.46
620,197803,2.85,3.48,1.16,0.53
621,197804,7.88,0.44,-3.57,0.54
622,197805,1.76,4.56,-0.53,0.51
623,197806,-1.69,1.66,0.57,0.54
624,197807,5.11,0.25,-1.11,0.56
625,197808,3.75,5.06,-0.57,0.56
626,197809,-1.43,-0.43,1.86,0.62
627,197810,-11.91,-9.89,1.39,0.68
628,197811,2.71,3.0,-2.14,0.7
629,197812,0.88,1.29,-2.13,0.78
630,197901,4.23,3.62,2.2,0.77
631,197902,-3.56,0.45,1.14,0.73
632,197903,5.68,3.22,-0.73,0.81
633,197904,-0.06,2.18,1.08,0.8
634,197905,-2.21,0.19,1.32,0.82
635,197906,3.85,1.16,1.39,0.81
636,197907,0.82,1.28,1.86,0.77
637,197908,5.53,2.05,-1.58,0.77
638,197909,-0.82,-0.27,-0.9,0.83
639,197910,-8.1,-3.37,-1.86,0.87
640,197911,5.21,2.87,-3.28,0.99
641,197912,1.79,4.17,-2.1,0.95
642,198001,5.51,1.62,1.75,0.8
643,198002,-1.22,-1.85,0.61,0.89
644,198003,-12.9,-6.64,-1.01,1.21
645,198004,3.97,1.05,1.08,1.26
646,198005,5.26,2.13,0.38,0.81
647,198006,3.06,1.66,-0.76,0.61
648,198007,6.49,4.14,-6.41,0.53
649,198008,1.8,3.93,-2.61,0.64
650,198009,2.19,0.97,-4.58,0.75
651,198010,1.06,2.5,-2.79,0.95
652,198011,9.59,-3.36,-8.33,0.96
653,198012,-4.52,-0.26,2.79,1.31
654,198101,-5.04,2.92,6.72,1.04
655,198102,0.57,-0.34,1.02,1.07
656,198103,3.56,3.54,0.64,1.21
657,198104,-2.11,4.4,2.28,1.08
658,198105,0.11,2.0,-0.42,1.15
659,198106,-2.36,-0.83,5.13,1.35
660,198107,-1.54,-2.18,-0.49,1.24
661,198108,-7.04,-1.94,4.79,1.28
662,198109,-7.17,-2.65,5.17,1.24
663,198110,4.92,2.23,-4.21,1.21
664,198111,3.36,-1.03,1.85,1.07
665,198112,-3.65,1.2,0.82,0.87
666,198201,-3.24,-1.28,3.19,0.8
667,198202,-5.86,0.44,6.05,0.92
668,198203,-1.87,-0.21,3.83,0.98
669,198204,3.27,1.47,-2.7,1.13
670,198205,-3.99,0.52,1.76,1.06
671,198206,-3.09,-0.4,1.55,0.96
672,198207,-3.19,0.83,0.09,1.05
673,198208,11.14,-4.13,0.93,0.76
674,198209,1.29,2.96,0.27,0.51
675,198210,11.3,2.35,-3.67,0.59
676,198211,4.67,4.66,-1.85,0.63
677,198212,0.55,-0.25,0.01,0.67
678,198301,3.6,2.71,-0.71,0.69
679,198302,2.59,3.28,0.7,0.62
680,198303,2.82,1.74,2.01,0.63
681,198304,6.67,0.49,0.51,0.71
682,198305,0.52,6.26,-1.42,0.69
683,198306,3.07,0.95,-3.91,0.67
684,198307,-4.07,1.49,5.62,0.74
685,198308,-0.5,-4.27,5.54,0.76
686,198309,0.91,0.62,1.01,0.76
687,198310,-3.44,-3.57,4.97,0.76
688,198311,2.16,2.02,-0.73,0.7
689,198312,-1.78,-0.27,1.7,0.73
690,198401,-1.92,-0.37,7.57,0.76
691,198402,-4.82,-1.69,3.34,0.71
692,198403,0.63,0.07,0.47,0.73
693,198404,-0.51,-1.16,1.19,0.81
694,198405,-5.97,0.07,0.29,0.78
695,198406,1.82,-0.31,-2.66,0.75
696,198407,-2.74,-2.21,0.33,0.82
697,198408,10.28,-0.24,-1.8,0.83
698,198409,-0.8,0.18,5.23,0.86
699,198410,-0.84,-1.23,0.47,1.0
700,198411,-1.76,-0.63,4.04,0.73
701,198412,1.84,-0.56,-0.25,0.64
702,198501,7.99,3.3,-5.33,0.65
703,198502,1.22,0.8,-0.1,0.58
704,198503,-0.84,-1.07,4.07,0.62
705,198504,-0.96,0.15,3.72,0.72
706,198505,5.09,-2.22,-0.94,0.66
707,198506,1.27,0.52,0.41,0.55
708,198507,-0.74,2.85,-1.6,0.62
709,198508,-1.02,-0.31,2.28,0.55
710,198509,-4.54,-1.59,1.29,0.6
711,198510,4.02,-1.51,0.75,0.65
712,198511,6.48,0.25,-2.84,0.61
713,198512,3.88,-0.51,-1.54,0.65
714,198601,0.65,1.21,0.44,0.56
715,198602,7.13,-0.56,-0.77,0.53
716,198603,4.88,-0.58,-0.37,0.6
717,198604,-1.31,2.78,-2.86,0.52
718,198605,4.62,-1.35,-0.21,0.49
719,198606,1.03,-0.95,1.3,0.52
720,198607,-6.45,-3.36,4.7,0.52
721,198608,6.07,-4.17,3.51,0.46
722,198609,-8.6,2.36,3.22,0.45
723,198610,4.66,-2.5,-1.42,0.46
724,198611,1.17,-1.91,-0.07,0.39
725,198612,-3.27,0.13,0.36,0.49
726,198701,12.47,-1.81,-3.16,0.42
727,198702,4.39,3.49,-5.91,0.43
728,198703,1.64,0.45,1.61,0.47
729,198704,-2.11,-1.69,-0.39,0.44
730,198705,0.11,-0.5,0.23,0.38
731,198706,3.94,-2.12,1.04,0.48
732,198707,3.85,-0.66,0.73,0.46
733,198708,3.52,-0.77,-0.95,0.47
734,198709,-2.59,0.56,0.3,0.45
735,198710,-23.24,-8.4,4.23,0.6
736,198711,-7.77,2.75,2.96,0.35
737,198712,6.81,0.12,-4.39,0.39
738,198801,4.21,-0.76,4.95,0.29
739,198802,4.75,3.34,-1.69,0.46
740,198803,-2.27,6.14,0.74,0.44
741,198804,0.56,0.98,1.63,0.46
742,198805,-0.29,-2.61,2.42,0.51
743,198806,4.79,2.1,-1.22,0.49
744,198807,-1.25,-0.26,2.17,0.51
745,198808,-3.31,0.04,2.1,0.59
746,198809,3.3,-1.3,-0.75,0.62
747,198810,1.15,-2.92,1.69,0.61
748,198811,-2.29,-1.71,1.3,0.57
749,198812,1.49,1.97,-1.61,0.63
750,198901,6.1,-2.22,0.62,0.55
751,198902,-2.25,2.82,0.93,0.61
752,198903,1.57,0.67,0.54,0.67
753,198904,4.33,-0.68,-1.4,0.67
754,198905,3.35,-0.05,-0.87,0.79
755,198906,-1.35,-1.02,2.23,0.71
756,198907,7.2,-4.16,-2.79,0.7
757,198908,1.44,0.56,0.6,0.74
758,198909,-0.76,0.32,-1.27,0.65
759,198910,-3.67,-3.24,-1.11,0.68
760,198911,1.03,-1.24,-1.09,0.69
761,198912,1.16,-2.37,0.16,0.61
762,199001,-7.85,-1.25,0.85,0.57
763,199002,1.11,0.97,0.64,0.57
764,199003,1.83,1.46,-2.92,0.64
765,199004,-3.36,-0.45,-2.59,0.69
766,199005,8.42,-2.56,-3.83,0.68
767,199006,-1.09,1.36,-1.93,0.63
768,199007,-1.9,-3.09,-0.04,0.68
769,199008,-10.15,-3.56,1.6,0.66
770,199009,-6.12,-3.67,0.61,0.6
771,199010,-1.92,-5.53,0.0,0.68
772,199011,6.35,0.45,-2.97,0.57
773,199012,2.46,0.82,-1.63,0.6
774,199101,4.69,3.83,-1.57,0.52
775,199102,7.19,3.99,-0.63,0.48
776,199103,2.65,3.9,-1.3,0.44
777,199104,-0.28,0.48,1.45,0.53
778,199105,3.65,-0.4,-0.49,0.47
779,199106,-4.94,0.15,1.07,0.42
780,199107,4.24,-0.91,-1.32,0.49
781,199108,2.32,1.59,-0.78,0.46
782,199109,-1.59,1.64,-1.07,0.46
783,199110,1.29,0.81,-0.46,0.42
784,199111,-4.19,-0.5,-1.88,0.39
785,199112,10.84,-2.24,-4.18,0.38
786,199201,-0.59,8.46,4.7,0.34
787,199202,1.09,0.87,6.47,0.28
788,199203,-2.66,-1.04,3.55,0.34
789,199204,1.07,-6.06,4.32,0.32
790,199205,0.3,0.41,1.19,0.28
791,199206,-2.34,-3.07,3.25,0.32
792,199207,3.77,-0.51,-0.55,0.31
793,199208,-2.38,-0.14,-1.08,0.26
794,199209,1.19,0.49,-0.23,0.26
795,199210,1.02,2.1,-1.98,0.23
796,199211,4.13,3.79,-1.42,0.23
797,199212,1.53,1.67,2.65,0.28
798,199301,0.93,1.85,5.95,0.23
799,199302,0.12,-3.49,6.44,0.22
800,199303,2.3,0.23,1.19,0.25
801,199304,-3.05,-0.68,2.48,0.24
802,199305,2.89,2.08,-3.5,0.22
803,199306,0.31,-0.26,2.72,0.25
804,199307,-0.34,0.9,2.82,0.24
805,199308,3.71,0.14,0.14,0.25
806,199309,-0.12,2.98,-0.35,0.26
807,199310,1.41,2.03,-2.78,0.22
808,199311,-1.89,-1.13,-0.66,0.25
809,199312,1.65,1.2,0.27,0.23
810,199401,2.87,0.51,1.28,0.25
811,199402,-2.55,2.8,-1.56,0.21
812,199403,-4.78,-1.14,1.55,0.27
813,199404,0.68,-0.92,1.66,0.27
814,199405,0.58,-2.12,0.7,0.31
815,199406,-3.03,-0.4,1.67,0.31
816,199407,2.82,-1.76,0.57,0.28
817,199408,4.01,1.43,-2.5,0.37
818,199409,-2.31,3.11,-1.84,0.37
819,199410,1.34,-2.26,-1.63,0.38
820,199411,-4.04,0.31,-0.73,0.37
821,199412,0.86,0.19,-0.09,0.44
822,199501,1.8,-3.44,2.51,0.42
823,199502,3.63,-0.66,1.09,0.4
824,199503,2.19,-0.21,-2.08,0.46
825,199504,2.11,-0.49,1.7,0.44
826,199505,2.9,-2.52,2.27,0.54
827,199506,2.72,3.15,-2.54,0.47
828,199507,3.72,2.06,-1.59,0.45
829,199508,0.55,1.36,2.81,0.47
830,199509,3.35,-2.2,-0.05,0.43
831,199510,-1.52,-3.8,-0.51,0.47
832,199511,3.96,-1.11,0.58,0.42
833,199512,1.03,0.72,0.18,0.49
834,199601,2.26,-2.73,0.4,0.43
835,199602,1.33,1.78,-1.07,0.39
836,199603,0.73,1.51,0.36,0.39
837,199604,2.06,5.22,-4.05,0.46
838,199605,2.36,3.18,-0.89,0.42
839,199606,-1.14,-3.99,2.38,0.4
840,199607,-5.97,-4.31,5.14,0.45
841,199608,2.77,2.46,-0.74,0.41
842,199609,5.01,-0.98,-2.7,0.44
843,199610,0.86,-4.44,4.94,0.42
844,199611,6.25,-4.05,1.39,0.41
845,199612,-1.7,3.17,1.32,0.46
846,199701,4.98,-1.93,-1.46,0.45
847,199702,-0.49,-3.2,5.69,0.39
848,199703,-5.02,-0.35,3.4,0.43
849,199704,4.04,-5.78,0.07,0.43
850,199705,6.74,5.19,-4.12,0.49
851,199706,4.1,1.24,1.59,0.37
852,199707,7.33,-2.73,0.29,0.43
853,199708,-4.15,7.31,1.2,0.41
854,199709,5.35,2.53,0.38,0.44
855,199710,-3.8,-0.77,2.25,0.42
856,199711,2.98,-5.13,1.19,0.39
857,199712,1.32,-2.47,3.86,0.48
858,199801,0.15,-1.06,-1.59,0.43
859,199802,7.04,0.34,-0.85,0.39
860,199803,4.76,-1.11,1.41,0.39
861,199804,0.73,0.02,0.9,0.43
862,199805,-3.07,-3.35,3.4,0.4
863,199806,3.18,-3.23,-1.96,0.41
864,199807,-2.46,-4.91,-1.76,0.4
865,199808,-16.08,-5.68,3.6,0.43
866,199809,6.15,0.1,-3.37,0.46
867,199810,7.13,-3.12,-2.29,0.32
868,199811,6.1,1.2,-3.23,0.31
869,199812,6.16,-0.51,-4.18,0.38
870,199901,3.5,0.78,-4.62,0.35
871,199902,-4.08,-6.06,1.88,0.35
872,199903,3.45,-3.77,-2.77,0.43
873,199904,4.33,3.95,2.41,0.37
874,199905,-2.46,3.37,2.3,0.34
875,199906,4.77,3.14,-3.27,0.4
876,199907,-3.49,2.6,-0.42,0.38
877,199908,-1.38,-0.94,-1.84,0.39
878,199909,-2.79,3.44,-3.48,0.39
879,199910,6.12,-6.61,-3.37,0.39
880,199911,3.37,7.22,-6.16,0.36
881,199912,7.72,6.99,-8.32,0.44
882,200001,-4.74,5.79,-1.89,0.41
883,200002,2.45,21.48,-9.81,0.43
884,200003,5.2,-17.29,8.23,0.47
885,200004,-6.4,-6.63,7.25,0.46
886,200005,-4.42,-6.11,4.83,0.5
887,200006,4.64,12.8,-8.41,0.4
888,200007,-2.51,-3.08,8.33,0.48
889,200008,7.03,-0.63,-1.37,0.5
890,200009,-5.45,-1.73,7.17,0.51
891,200010,-2.76,-3.93,5.64,0.56
892,200011,-10.72,-3.39,12.34,0.51
893,200012,1.19,0.73,7.6,0.5
894,200101,3.13,6.68,-5.11,0.54
895,200102,-10.05,-0.74,12.48,0.38
896,200103,-7.26,0.27,6.43,0.42
897,200104,7.94,0.56,-4.69,0.39
898,200105,0.72,2.5,3.36,0.32
899,200106,-1.94,6.27,-1.13,0.28
900,200107,-2.13,-4.19,5.21,0.3
901,200108,-6.46,2.48,2.3,0.31
902,200109,-9.25,-6.25,1.46,0.28
903,200110,2.46,7.49,-7.66,0.22
904,200111,7.54,-0.47,2.22,0.17
905,200112,1.6,4.73,0.85,0.15
906,200201,-1.44,1.19,3.44,0.14
907,200202,-2.29,-1.0,2.16,0.13
908,200203,4.24,4.21,1.07,0.13
909,200204,-5.2,5.96,3.88,0.15
910,200205,-1.38,-3.21,1.53,0.14
911,200206,-7.21,4.28,-0.03,0.13
912,200207,-8.18,-5.26,-3.87,0.15
913,200208,0.5,-2.87,3.31,0.14
914,200209,-10.35,2.43,1.44,0.14
915,200210,7.84,-3.41,-3.95,0.14
916,200211,5.96,3.23,-1.27,0.12
917,200212,-5.76,0.11,2.13,0.11
918,200301,-2.57,1.3,-0.73,0.1
919,200302,-1.88,-0.46,-1.38,0.09
920,200303,1.09,1.04,-1.93,0.1
921,200304,8.22,0.67,1.17,0.1
922,200305,6.05,4.71,0.53,0.09
923,200306,1.42,1.74,0.19,0.1
924,200307,2.35,5.11,-1.19,0.07
925,200308,2.34,2.62,1.54,0.07
926,200309,-1.24,0.8,0.1,0.08
927,200310,6.08,2.63,1.92,0.07
928,200311,1.35,2.0,1.81,0.07
929,200312,4.29,-2.71,1.6,0.08
930,200401,2.15,2.54,2.46,0.07
931,200402,1.4,-1.52,0.87,0.06
932,200403,-1.32,1.75,0.23,0.09
933,200404,-1.83,-1.74,-3.02,0.08
934,200405,1.17,-0.25,-0.23,0.06
935,200406,1.86,2.28,1.23,0.08
936,200407,-4.06,-3.8,3.22,0.1
937,200408,0.08,-1.49,1.0,0.11
938,200409,1.6,3.02,-0.02,0.11
939,200410,1.43,0.15,-0.25,0.11
940,200411,4.54,3.73,1.45,0.15
941,200412,3.43,-0.03,-0.21,0.16
942,200501,-2.76,-1.72,2.07,0.16
943,200502,1.89,-0.57,1.54,0.16
944,200503,-1.97,-1.4,2.05,0.21
945,200504,-2.61,-3.93,0.05,0.21
946,200505,3.65,2.88,-0.59,0.24
947,200506,0.57,2.59,2.81,0.23
948,200507,3.92,2.9,-0.78,0.24
949,200508,-1.22,-0.98,1.34,0.3
950,200509,0.49,-0.67,0.69,0.29
951,200510,-2.02,-1.23,0.41,0.27
952,200511,3.61,0.99,-1.2,0.31
953,200512,-0.25,-0.41,0.22,0.32
954,200601,3.04,5.42,1.09,0.35
955,200602,-0.3,-0.4,-0.37,0.34
956,200603,1.46,3.45,0.55,0.37
957,200604,0.73,-1.43,2.34,0.36
958,200605,-3.57,-2.98,2.39,0.43
959,200606,-0.35,-0.38,0.8,0.4
960,200607,-0.78,-3.99,2.62,0.4
961,200608,2.03,1.01,-2.04,0.42
962,200609,1.84,-1.34,0.06,0.41
963,200610,3.23,1.72,-0.26,0.41
964,200611,1.71,0.72,0.11,0.42
965,200612,0.87,-1.13,2.71,0.4
966,200701,1.4,0.14,-0.7,0.44
967,200702,-1.96,1.18,-0.12,0.38
968,200703,0.68,0.15,-0.94,0.43
969,200704,3.49,-2.17,-1.43,0.44
970,200705,3.24,0.23,-0.62,0.41
971,200706,-1.96,0.76,-1.07,0.4
972,200707,-3.73,-2.61,-3.73,0.4
973,200708,0.92,-0.14,-1.89,0.42
974,200709,3.22,-2.22,-2.23,0.32
975,200710,1.8,0.12,-3.11,0.32
976,200711,-4.83,-2.93,-0.94,0.34
977,200712,-0.87,0.16,-0.52,0.27
978,200801,-6.36,-0.98,4.01,0.21
979,200802,-3.09,-0.41,-0.84,0.13
980,200803,-0.93,0.77,0.35,0.17
981,200804,4.6,-1.72,-1.09,0.18
982,200805,1.86,2.95,-1.53,0.18
983,200806,-8.44,1.24,-2.7,0.17
984,200807,-0.77,2.56,5.27,0.15
985,200808,1.53,3.5,1.48,0.13
986,200809,-9.24,-1.24,5.9,0.15
987,200810,-17.23,-2.52,-2.22,0.08
988,200811,-7.86,-2.87,-6.3,0.03
989,200812,1.74,3.49,0.07,0.0
990,200901,-8.12,0.18,-11.11,0.0
991,200902,-10.1,0.13,-6.91,0.01
992,200903,8.95,0.0,3.34,0.02
993,200904,10.18,5.28,5.26,0.01
994,200905,5.21,-2.52,0.37,0.0
995,200906,0.43,2.66,-2.72,0.01
996,200907,7.72,1.87,4.84,0.01
997,200908,3.33,-1.08,7.63,0.01
998,200909,4.08,2.43,1.04,0.01
999,200910,-2.59,-4.34,-4.2,0.0
1000,200911,5.56,-2.39,-0.33,0.0
1001,200912,2.75,6.04,-0.17,0.01
1002,201001,-3.36,0.4,0.43,0.0
1003,201002,3.4,1.19,3.22,0.0
1004,201003,6.31,1.48,2.21,0.01
1005,201004,2.0,4.87,2.89,0.01
1006,201005,-7.89,0.09,-2.44,0.01
1007,201006,-5.57,-1.81,-4.7,0.01
1008,201007,6.93,0.24,-0.3,0.01
1009,201008,-4.77,-2.95,-1.96,0.01
1010,201009,9.54,3.96,-3.17,0.01
1011,201010,3.88,1.21,-2.49,0.01
1012,201011,0.6,3.77,-0.88,0.01
1013,201012,6.82,0.67,3.78,0.01
1014,201101,1.99,-2.44,0.77,0.01
1015,201102,3.49,1.47,1.24,0.01
1016,201103,0.46,2.56,-1.88,0.01
1017,201104,2.9,-0.32,-2.48,0.0
1018,201105,-1.27,-0.65,-2.0,0.0
1019,201106,-1.75,-0.14,-0.38,0.0
1020,201107,-2.35,-1.29,-0.91,0.0
1021,201108,-5.99,-3.07,-2.4,0.01
1022,201109,-7.59,-3.33,-1.75,0.0
1023,201110,11.35,3.3,0.12,0.0
1024,201111,-0.28,-0.17,-0.46,0.0
1025,201112,0.74,-0.6,1.61,0.0
1026,201201,5.05,2.06,-0.94,0.0
1027,201202,4.42,-1.86,0.43,0.0
1028,201203,3.11,-0.66,1.12,0.0
1029,201204,-0.85,-0.41,-0.77,0.0
1030,201205,-6.19,0.09,-1.06,0.01
1031,201206,3.89,0.64,0.59,0.0
1032,201207,0.79,-2.72,-0.12,0.0
1033,201208,2.55,0.48,1.3,0.01
1034,201209,2.73,0.54,1.58,0.01
1035,201210,-1.76,-1.17,3.56,0.01
1036,201211,0.78,0.61,-0.83,0.01
1037,201212,1.18,1.52,3.53,0.01
1038,201301,5.57,0.31,0.95,0.0
1039,201302,1.29,-0.33,0.1,0.0
1040,201303,4.03,0.83,-0.23,0.0
1041,201304,1.55,-2.36,0.5,0.0
1042,201305,2.8,1.72,2.67,0.0
1043,201306,-1.2,1.32,0.05,0.0
1044,201307,5.65,1.87,0.57,0.0
1045,201308,-2.71,0.26,-2.68,0.0
1046,201309,3.77,2.9,-1.23,0.0
1047,201310,4.18,-1.56,1.26,0.0
1048,201311,3.13,1.29,0.28,0.0
1049,201312,2.81,-0.46,-0.01,0.0
1050,201401,-3.32,0.92,-2.02,0.0
1051,201402,4.65,0.37,-0.31,0.0
1052,201403,0.43,-1.87,4.92,0.0
1053,201404,-0.19,-4.2,1.14,0.0
1054,201405,2.06,-1.89,-0.13,0.0
1055,201406,2.61,3.09,-0.69,0.0
1056,201407,-2.04,-4.28,0.02,0.0
1057,201408,4.24,0.38,-0.43,0.0
1058,201409,-1.97,-3.72,-1.35,0.0
1059,201410,2.52,4.22,-1.83,0.0
1060,201411,2.55,-2.05,-3.09,0.0
1061,201412,-0.06,2.49,2.27,0.0
1062,201501,-3.11,-0.54,-3.61,0.0
1063,201502,6.13,0.6,-1.86,0.0
1064,201503,-1.12,3.07,-0.41,0.0
1065,201504,0.59,-3.04,1.83,0.0
1066,201505,1.36,0.92,-1.12,0.0
1067,201506,-1.53,2.9,-0.78,0.0
1068,201507,1.54,-4.2,-4.07,0.0
1069,201508,-6.04,0.36,2.8,0.0
1070,201509,-3.07,-2.63,0.58,0.0
1071,201510,7.75,-1.87,-0.45,0.0
1072,201511,0.56,3.6,-0.38,0.0
1073,201512,-2.17,-2.81,-2.59,0.01
1074,201601,-5.77,-3.39,2.07,0.01
1075,201602,-0.08,0.81,-0.57,0.02
1076,201603,6.96,0.75,1.1,0.02
1077,201604,0.92,0.67,3.21,0.01
1078,201605,1.78,-0.19,-1.65,0.01
1079,201606,-0.05,0.59,-1.45,0.02
1080,201607,3.95,2.51,-1.29,0.02
1081,201608,0.5,1.17,3.11,0.02
1082,201609,0.25,2.13,-1.21,0.02
1083,201610,-2.02,-4.41,4.12,0.02
1084,201611,4.86,5.67,8.21,0.01
1085,201612,1.82,0.09,3.6,0.03
1086,201701,1.94,-1.13,-2.74,0.04
1087,201702,3.57,-2.04,-1.67,0.04
1088,201703,0.17,1.13,-3.33,0.03
1089,201704,1.09,0.72,-2.13,0.05
1090,201705,1.06,-2.52,-3.75,0.06
1091,201706,0.78,2.23,1.49,0.06
1092,201707,1.87,-1.46,-0.22,0.07
1093,201708,0.16,-1.65,-2.07,0.09
1094,201709,2.51,4.45,3.09,0.09
1095,201710,2.25,-1.93,0.22,0.09
1096,201711,3.12,-0.56,-0.05,0.08
1097,201712,1.06,-1.32,0.03,0.09
1098,201801,5.58,-3.18,-1.36,0.11
1099,201802,-3.65,0.26,-1.03,0.11
1100,201803,-2.35,4.06,-0.23,0.12
1101,201804,0.29,1.1,0.48,0.14
1102,201805,2.65,5.31,-3.13,0.14
1103,201806,0.48,1.13,-2.33,0.14
1104,201807,3.19,-2.25,0.45,0.16
1105,201808,3.44,1.14,-3.98,0.16
1106,201809,0.06,-2.3,-1.7,0.15
1107,201810,-7.68,-4.82,3.43,0.19
1108,201811,1.69,-0.68,0.26,0.18
1109,201812,-9.55,-2.42,-1.9,0.19
1110,201901,8.41,2.9,-0.44,0.21
1111,201902,3.4,2.04,-2.68,0.18
1112,201903,1.1,-2.98,-4.05,0.19
1113,201904,3.96,-1.74,2.17,0.21
1114,201905,-6.94,-1.34,-2.37,0.21
1115,201906,6.93,0.25,-0.71,0.18
1116,201907,1.19,-1.94,0.42,0.19
1117,201908,-2.58,-2.32,-4.95,0.16
1118,201909,1.43,-0.97,6.83,0.18
1119,201910,2.06,0.28,-1.93,0.15
1120,201911,3.87,0.8,-2.02,0.12
1121,201912,2.77,0.72,1.79,0.14
1122,202001,-0.11,-3.13,-6.24,0.13
1123,202002,-8.13,1.03,-3.79,0.12
1124,202003,-13.38,-4.89,-14.02,0.12
1125,202004,13.65,2.47,-1.18,0.0
1126,202005,5.58,2.45,-4.8,0.01
1127,202006,2.46,2.69,-2.04,0.01
1128,202007,5.77,-2.28,-1.53,0.01
1129,202008,7.63,-0.26,-2.92,0.01
1130,202009,-3.63,0.03,-2.61,0.01
1131,202010,-2.1,4.41,4.16,0.01
1132,202011,12.47,5.65,2.13,0.01
1133,202012,4.63,4.82,-1.43,0.01
1134,202101,-0.03,7.12,2.99,0.0
1135,202102,2.78,2.03,7.18,0.0
1136,202103,3.08,-2.41,7.41,0.0
1137,202104,4.93,-3.11,-0.93,0.0
1138,202105,0.29,-0.28,7.04,0.0
1139,202106,2.75,1.8,-7.76,0.0
1140,202107,1.27,-3.96,-1.75,0.0
1141,202108,2.9,-0.48,-0.13,0.0
1142,202109,-4.37,0.8,5.09,0.0
1143,202110,6.65,-2.28,-0.44,0.0
1144,202111,-1.55,-1.35,-0.52,0.0
1145,1927,29.47,-2.83,-3.4,3.12
1146,1928,35.39,4.51,-6.17,3.56
1147,1929,-19.54,-30.69,11.65,4.75
1148,1930,-31.23,-5.34,-11.76,2.41
1149,1931,-45.11,3.64,-14.56,1.07
1150,1932,-9.39,4.56,10.83,0.96
1151,1933,57.05,45.46,32.39,0.3
1152,1934,3.02,25.6,-27.96,0.16
1153,1935,44.96,10.91,8.74,0.17
1154,1936,32.07,17.97,34.83,0.18
1155,1937,-34.96,-14.14,-4.09,0.31
1156,1938,28.48,9.29,-12.05,-0.02
1157,1939,2.7,5.77,-18.98,0.02
1158,1940,-7.14,1.18,-1.6,0.0
1159,1941,-10.53,-4.04,11.13,0.06
1160,1942,16.2,5.09,19.96,0.27
1161,1943,27.96,33.29,38.47,0.35
1162,1944,20.97,17.53,16.46,0.33
1163,1945,38.38,25.14,10.88,0.33
1164,1946,-6.73,-3.99,3.11,0.35
1165,1947,2.95,-6.99,9.87,0.5
1166,1948,1.07,-9.11,3.74,0.81
1167,1949,19.12,3.75,-4.24,1.1
1168,1950,28.82,1.13,27.04,1.2
1169,1951,19.22,-5.22,-5.67,1.49
1170,1952,11.8,-6.76,3.31,1.66
1171,1953,-1.05,-1.16,-7.73,1.82
1172,1954,49.35,-2.06,26.04,0.86
1173,1955,23.75,-5.91,4.9,1.57
1174,1956,5.9,-0.9,-1.84,2.46
1175,1957,-13.16,-2.7,-6.18,3.14
1176,1958,43.45,14.51,13.48,1.54
1177,1959,9.76,5.46,1.78,2.95
1178,1960,-1.46,-2.72,-4.55,2.66
1179,1961,24.81,1.51,5.14,2.13
1180,1962,-12.9,-8.34,9.02,2.73
1181,1963,17.84,-6.06,15.45,3.12
1182,1964,12.54,-0.76,9.65,3.54
1183,1965,10.52,22.05,6.95,3.93
1184,1966,-13.51,2.93,-1.14,4.76
1185,1967,24.49,49.63,-7.3,4.21
1186,1968,8.79,24.17,18.49,5.21
1187,1969,-17.54,-14.12,-9.95,6.58
1188,1970,-6.49,-11.76,21.54,6.52
1189,1971,11.78,5.98,-11.26,4.39
1190,1972,13.05,-12.26,1.76,3.84
1191,1973,-26.18,-23.45,17.47,6.93
1192,1974,-35.75,-0.72,9.87,8.0
1193,1975,32.44,15.43,9.25,5.8
1194,1976,21.91,14.58,24.28,5.08
1195,1977,-8.26,22.6,7.5,5.12
1196,1978,1.03,14.39,0.59,7.18
1197,1979,13.09,21.23,-2.48,10.38
1198,1980,22.13,5.7,-24.63,11.24
1199,1981,-18.13,7.13,25.12,14.71
1200,1982,10.66,8.7,13.36,10.54
1201,1983,13.74,14.03,20.49,8.8
1202,1984,-6.05,-8.2,19.07,9.85
1203,1985,24.91,0.58,1.37,7.72
1204,1986,10.12,-9.56,9.33,6.16
1205,1987,-3.87,-10.85,-1.62,5.47
1206,1988,11.55,5.76,14.37,6.35
1207,1989,20.49,-12.9,-4.12,8.37
1208,1990,-13.95,-14.02,-10.04,7.81
1209,1991,29.18,16.16,-14.72,5.6
1210,1992,6.23,7.67,24.49,3.51
1211,1993,8.21,6.38,16.86,2.9
1212,1994,-4.1,-0.3,-0.77,3.9
1213,1995,31.22,-9.75,6.05,5.6
1214,1996,15.96,-4.42,8.7,5.21
1215,1997,25.96,-7.64,19.11,5.26
1216,1998,19.46,-25.28,-10.32,4.86
1217,1999,20.57,15.58,-31.96,4.68
1218,2000,-17.6,-4.58,45.02,5.89
1219,2001,-15.2,18.24,18.5,3.83
1220,2002,-22.76,4.45,8.09,1.65
1221,2003,30.75,26.51,5.11,1.02
1222,2004,10.72,4.43,7.67,1.2
1223,2005,3.09,-2.36,9.43,2.98
1224,2006,10.6,0.08,11.75,4.8
1225,2007,1.04,-7.4,-17.28,4.66
1226,2008,-38.34,2.45,0.83,1.6
1227,2009,28.26,9.35,-9.42,0.1
1228,2010,17.37,14.29,-5.1,0.12
1229,2011,0.44,-5.79,-8.54,0.04
1230,2012,16.27,-1.32,9.85,0.06
1231,2013,35.2,7.63,2.65,0.02
1232,2014,11.71,-7.8,-1.46,0.02
1233,2015,0.08,-3.93,-9.53,0.02
1234,2016,13.3,6.63,22.64,0.2
1235,2017,21.51,-4.95,-13.48,0.8
1236,2018,-6.93,-3.34,-9.8,1.81
1237,2019,28.28,-6.06,-10.48,2.14
1238,2020,23.67,12.78,-46.31,0.44
